{"cameraMode":{"drawMode":0,"name":"Shaded","section":"Shading Mode"},"sceneLighting":false,"audioPlay":false,"sceneViewState":{"m_AlwaysRefresh":false,"showFog":true,"showSkybox":false,"showFlares":true,"showImageEffects":true,"showParticleSystems":true,"showVisualEffectGraphs":true,"m_FxEnabled":true},"in2DMode":false,"pivot":{"x":0.6466865539550781,"y":2.553065776824951,"z":0.7237554788589478},"rotation":{"x":0.14257055521011353,"y":0.6170927286148071,"z":0.11497233808040619,"w":-0.7652959823608398},"size":2.3416786193847658,"orthographic":false}