{"cameraMode":{"drawMode":0,"name":"Shaded","section":"Shading Mode"},"sceneLighting":true,"audioPlay":false,"sceneViewState":{"m_AlwaysRefresh":false,"showFog":true,"showSkybox":false,"showFlares":true,"showImageEffects":true,"showParticleSystems":true,"showVisualEffectGraphs":true,"m_FxEnabled":true},"in2DMode":false,"pivot":{"x":-2.284407377243042,"y":-5.518205165863037,"z":15.772256851196289},"rotation":{"x":0.07073858380317688,"y":0.01944546587765217,"z":-0.0013747529592365027,"w":0.9973211884498596},"size":12.135358810424805,"orthographic":false}