{"cameraMode":{"drawMode":0,"name":"Shaded","section":"Shading Mode"},"sceneLighting":true,"audioPlay":false,"sceneViewState":{"m_AlwaysRefresh":false,"showFog":true,"showSkybox":false,"showFlares":true,"showImageEffects":true,"showParticleSystems":true,"showVisualEffectGraphs":true,"m_FxEnabled":true},"in2DMode":false,"pivot":{"x":8.979896545410157,"y":-5.400827407836914,"z":10.984057426452637},"rotation":{"x":-0.08309540152549744,"y":-0.16160739958286286,"z":0.013657609932124615,"w":-0.9832594990730286},"size":7.071069717407227,"orthographic":false}