{"cameraMode":{"drawMode":0,"name":"Shaded","section":"Shading Mode"},"sceneLighting":true,"audioPlay":false,"sceneViewState":{"m_AlwaysRefresh":false,"showFog":true,"showSkybox":false,"showFlares":true,"showImageEffects":true,"showParticleSystems":true,"showVisualEffectGraphs":true,"m_FxEnabled":true},"in2DMode":false,"pivot":{"x":-2.188668727874756,"y":-3.640040874481201,"z":-9.925724029541016},"rotation":{"x":0.028105664998292924,"y":-0.07579965144395828,"z":-0.002137302653864026,"w":-0.9967255592346191},"size":0.025958936661481859,"orthographic":false}