{"cameraMode":{"drawMode":0,"name":"Shaded","section":"Shading Mode"},"sceneLighting":true,"audioPlay":false,"sceneViewState":{"m_AlwaysRefresh":false,"showFog":true,"showSkybox":false,"showFlares":true,"showImageEffects":true,"showParticleSystems":true,"showVisualEffectGraphs":true,"m_FxEnabled":true},"in2DMode":false,"pivot":{"x":-2.799999237060547,"y":1.3999996185302735,"z":-11.139999389648438},"rotation":{"x":0.008688889443874359,"y":0.01709563098847866,"z":0.00014856201596558094,"w":-0.9998179078102112},"size":48.49742126464844,"orthographic":false}